bids_name	aor	aqi	dummy_trs	dvars_nstd	dvars_std	dvars_vstd	efc	fber	fd_mean	fd_num	fd_perc	fwhm_avg	fwhm_x	fwhm_y	fwhm_z	gcor	gsr_x	gsr_y	size_t	size_x	size_y	size_z	snr	spacing_tr	spacing_x	spacing_y	spacing_z	summary_bg_k	summary_bg_mad	summary_bg_mean	summary_bg_median	summary_bg_n	summary_bg_p05	summary_bg_p95	summary_bg_stdv	summary_fg_k	summary_fg_mad	summary_fg_mean	summary_fg_median	summary_fg_n	summary_fg_p05	summary_fg_p95	summary_fg_stdv	tsnr
sub-001_task-rest_bold	0.001622833333333333	0.0208798431	0	27.65757868183946	1.0974775798327756	0.9173987241806024	0.3860558205846993	137924.171875	0.14681922182906904	3	1.0	2.3873777777777776	2.2003066666666666	2.6589633333333333	2.3028633333333333	0.0794473	-0.012390685267746449	0.015050474554300308	300	80	80	37	4.559117953963841	2.0000016689300537	3.0	3.0	3.0	250.12913491534874	151.17124938964844	781.6204223632812	137.8474578857422	162417.0	13.769812774658204	3285.8363281249913	2767.012939453125	2.487773608800204	9230.71875	54844.99609375	55251.0	35352.0	35493.540625	73510.93632812498	12118.6201171875	32.72686004638672
sub-002_task-rest_bold	0.0013848666666666668	0.005505751366666667	0	26.618180590535122	1.2690192637123743	0.9752486983946498	0.39239788435492057	185780.328125	0.04638269616231935	0	0.0	2.3984377777777777	2.24128	2.64377	2.3102633333333333	0.0235256	-0.006709246896207333	0.007354400120675564	300	80	80	37	4.1582369547397695	2.0000016689300537	3.0	3.0	3.0	152.58390611064	131.659423828125	733.891357421875	127.140380859375	159312.0	6.7275185823440555	3592.761425781234	2222.9921875	2.0557716119797993	12410.353515625	60445.40234375	60366.109375	37885.0	37562.09375	83500.35781249999	14517.044921875	58.774696350097656
sub-003_task-rest_bold	0.0023717333333333336	0.024377140333333335	0	28.799623221170577	1.1132226618394656	2.276832317658864	0.41727043258734436	116428.515625	0.1914077730073795	17	5.666666666666667	2.40565	2.285483333333333	2.591806666666667	2.33966	0.0540424	-0.005787521135061979	0.014268430881202221	300	80	80	37	4.8822941671323585	2.0000016689300537	3.0	3.0	3.0	162.61658422551704	140.8843536376953	895.7598266601562	127.65071868896484	157039.0	14.94450969696045	4068.2408203125055	2869.29736328125	3.378596430053899	6791.2099609375	46021.8203125	45957.1640625	40139.0	31698.0830078125	60943.009765625	9412.9091796875	33.411399841308594
sub-004_task-rest_bold	0.0029969230769230767	0.005784854648829432	1	24.836301791006708	1.2237162563758386	1.0217929484228188	0.3989826324463072	132030.84375	0.06750462131419022	2	0.6688963210702341	2.316672222222222	2.21351	2.6204633333333334	2.1160433333333333	0.0434744	-0.011605833657085896	0.010734817013144493	299	80	80	37	4.346695689082309	2.0000016689300537	3.0	3.0	3.0	167.45996989199352	147.8960418701172	911.944091796875	134.8144989013672	160265.0	7.3080855369567885	4045.310986328118	3126.7041015625	3.691535259178819	9082.4970703125	54584.7578125	54023.33984375	37239.0	36727.928515625	74848.4890625	12428.4326171875	59.56364059448242
sub-005_task-rest_bold	0.004050466666666666	0.018464905766666664	0	23.338429964515033	1.0119359880602006	0.9514989664214049	0.4205773206636052	123867.078125	0.13831005304506322	5	1.6666666666666667	2.470441111111111	2.35295	2.7024866666666667	2.3558866666666667	0.0317304	-0.007478172425180674	0.013750423677265644	300	80	80	37	4.341429138985984	2.0000016689300537	3.0	3.0	3.0	66.90125259131315	178.87855529785156	1023.2853393554688	152.72413635253906	154991.0	13.283816814422607	4737.4521484375	2968.876220703125	2.299412261777017	11083.7490234375	57689.26171875	57570.6328125	41345.0	37153.70234375	78346.44062499999	13260.595703125	30.6243839263916
sub-006_task-rest_bold	0.0021625	0.021970335033333333	0	25.752249331973275	1.0774857153177262	0.8983472646153843	0.3910205109624593	157929.828125	0.12834864939460816	9	3.0	2.3602311111111107	2.22559	2.6188166666666666	2.2362866666666665	0.0634203	-0.0059011345729231834	0.012097639963030815	300	80	80	37	4.458722088218942	2.0000016689300537	3.0	3.0	3.0	287.2523321637729	144.05528259277344	755.6931762695312	127.8661880493164	160323.0	11.001993560791016	3300.255639648436	2622.446044921875	3.813870412866498	8514.306640625	53851.66796875	53625.625	37112.0	35733.6951171875	72920.6171875	12026.966796875	34.180179595947266
sub-007_task-rest_bold	0.0016666333333333332	0.006422347199999999	0	24.836257252073576	1.1729330688628767	0.9831610489632102	0.412133438774076	142222.203125	0.09597281353458141	3	1.0	2.333028888888889	2.2291933333333334	2.5693766666666664	2.2005166666666667	0.051734	-0.013355206698179245	0.016960585489869118	300	80	80	37	4.274245364294651	2.0000016689300537	3.0	3.0	3.0	98.35133858663553	144.178955078125	1063.1724853515625	135.6837615966797	157145.0	10.653850173950197	5383.663378906236	3539.93505859375	2.625889104394787	10153.9287109375	55969.04296875	55310.3203125	39722.0	37065.129101562496	77403.65820312499	12940.2080078125	53.662906646728516
sub-008_task-rest_bold	0.0045068	0.01993613923333333	0	43.30840733391307	1.1407263534113714	0.9600135114381271	0.42004581524254303	99603.90625	0.42881663494487965	83	27.666666666666668	2.4293033333333334	2.3655233333333334	2.6249466666666668	2.29744	0.0496898	-0.002402055077254772	0.012231817469000816	300	80	80	37	3.655338297728344	2.0000016689300537	3.0	3.0	3.0	97.21645990574318	157.64810180664062	1023.4400634765625	149.71426391601562	154997.0	22.995985412597655	5002.633691406247	3029.56103515625	3.079219814924296	9733.689453125	51618.27734375	50501.99609375	41663.0	31981.2662109375	76795.62890625	13815.791015625	28.88384246826172
sub-009_task-rest_bold	0.004691733333333333	0.012505006100000002	0	24.638497610969893	1.1779923588963213	1.0186093127424747	0.3963378760662163	121905.296875	0.09435469991148869	6	2.0	2.3360977777777774	2.250436666666667	2.54708	2.2107766666666664	0.0221589	-0.0008384542306885123	0.010309460572898388	300	80	80	37	4.54935038650752	2.0000016689300537	3.0	3.0	3.0	143.10903809905986	162.9984130859375	922.6524047851562	149.6068115234375	160278.0	13.435899496078491	3849.83111572265	3368.067626953125	2.529126570974026	9496.1083984375	55232.76171875	55289.0234375	36839.0	36104.33671875	74114.96406249999	12153.00390625	43.68480682373047
sub-010_task-rest_bold	0.0014408666666666666	0.0103446636	0	29.93578985438126	1.1710224783946483	0.9520793249498332	0.38938597976024997	151049.09375	0.10469317480388136	0	0.0	2.444802222222222	2.328743333333333	2.72213	2.283533333333333	0.0898009	-0.013434291817247868	0.010327906347811222	300	80	80	37	4.5676937652131	2.0000016689300537	3.0	3.0	3.0	85.08154323639174	135.98423767089844	970.3981323242188	123.28990173339844	163175.0	11.022008323669436	4565.723730468746	3118.2607421875	2.6390954710639187	8778.09375	51774.95703125	51899.33984375	34473.0	32797.753125	69069.396875	11362.0986328125	41.07196807861328
sub-011_task-rest_bold	0.0014820333333333334	0.010485574499999999	0	32.35594129394646	1.3858566334448157	0.931674793076923	0.4041846961452205	118280.078125	0.07020665085512816	0	0.0	2.4338055555555553	2.38448	2.64262	2.2743166666666665	0.0797599	-0.005130006466060877	0.005651479586958885	300	80	80	37	4.415576102868802	2.0000016689300537	3.0	3.0	3.0	129.76303941038563	174.8802947998047	974.7737426757812	150.87274169921875	159017.0	11.025505065917969	3900.9004882812487	3148.267822265625	2.492342770438193	10329.3125	56074.81640625	55779.203125	38346.0	37329.0458984375	76490.373046875	12632.2080078125	41.489013671875
sub-012_task-rest_bold	0.002053133333333333	0.016752562733333334	0	28.33931325816055	1.1645287810367893	0.946233147491639	0.403472981601609	163662.640625	0.15827367470865575	13	4.333333333333333	2.4469344444444445	2.3677733333333335	2.6116433333333333	2.3613866666666667	0.0821186	-0.0009414418018423021	0.007518147584050894	300	80	80	37	4.901763318870181	2.0000016689300537	3.0	3.0	3.0	247.53447668282763	142.665283203125	872.0868530273438	131.17913818359375	158850.0	13.22261004447937	3970.6217895507716	2990.497802734375	2.722793294409402	8861.404296875	56390.6015625	56339.21875	38576.0	38864.8291015625	74490.44921875	11493.5146484375	38.61107635498047
sub-013_task-rest_bold	0.0024178000000000003	0.013209403666666668	0	30.097472927458195	1.2229719334113724	0.9873639237458199	0.37325095901344646	153135.640625	0.1804963544832816	12	4.0	2.505127777777778	2.4230133333333335	2.687136666666667	2.4052333333333333	0.0437676	-0.011916442774236202	0.010908299125730991	300	80	80	37	4.341910120635329	2.0000016689300537	3.0	3.0	3.0	208.90424529767347	150.3656005859375	811.494140625	138.9150848388672	165114.0	12.602059698104856	3838.692382812501	2824.2724609375	1.8754323853233057	11117.18359375	58739.57421875	59170.76171875	33096.0	36027.1708984375	79709.595703125	13627.6123046875	37.438987731933594
sub-014_task-rest_bold	0.002799033333333333	0.013116711733333333	0	23.662233518361194	1.0817832189632104	3.3310932988963184	0.381487995696396	132864.984375	0.15407984256877505	0	0.0	2.5125177777777776	2.353596666666667	2.7585566666666668	2.4254000000000002	0.0372349	-0.013061439618468285	0.01689096912741661	300	80	80	37	4.449944334420398	2.0000016689300537	3.0	3.0	3.0	167.7360279166519	160.123779296875	948.326416015625	143.89527893066406	164064.0	12.829529380798338	4181.974853515626	3324.757568359375	2.4380024163328855	10133.111328125	55848.7890625	55736.00390625	33965.0	36196.84296875	75548.77031249998	12524.9169921875	42.82618713378906
sub-015_task-rest_bold	0.0018517999999999998	0.01984172223333333	0	25.045660669866205	1.0844101961204013	0.9168295131438129	0.4132118961124189	126142.375	0.09385423056884439	4	1.3333333333333333	2.4246366666666668	2.315376666666667	2.72793	2.2306033333333333	0.0736714	-0.00821266695857048	0.016602709889411926	300	80	80	37	4.285978628324656	2.0000016689300537	3.0	3.0	3.0	239.74085413919823	148.39492797851562	853.90283203125	135.7678985595703	155730.0	12.509295463562012	3680.2021240234235	3327.068603515625	3.3415286707946263	9253.44140625	52355.10546875	52688.69140625	40550.0	32688.892382812497	70675.47109374999	12293.1181640625	35.680416107177734
sub-016_task-rest_bold	0.0013934333333333333	0.0109704399	0	29.77419000986621	1.210733657458194	0.9216722024414715	0.38483141210098465	177698.3125	0.11657209040075735	6	2.0	2.4702011111111113	2.369866666666667	2.645236666666667	2.3954999999999997	0.057955	-0.010596646927297115	0.004254519939422607	300	80	80	37	4.196891867832976	2.0000016689300537	3.0	3.0	3.0	87.0278250309553	145.4607696533203	934.5579833984375	129.8247833251953	163130.0	9.565986156463623	4030.9617675781205	3246.486328125	1.8470874205279655	11324.4921875	59408.6953125	59364.44921875	34825.0	36508.0140625	82174.97343749995	14144.6572265625	39.675567626953125
sub-017_task-rest_bold	0.0010434333333333332	0.008436852166666666	0	26.82904632595318	1.1442287475250843	0.9534574468227427	0.38570330802664166	117611.75	0.07476574965848214	0	0.0	2.376383333333333	2.3097166666666666	2.522466666666667	2.2969666666666666	0.0793765	-0.0076377918012440205	0.0067487782798707485	300	80	80	37	4.4140646016669045	2.0000016689300537	3.0	3.0	3.0	180.02481776890286	141.10552978515625	807.5806884765625	135.45126342773438	163408.0	11.844345045089721	3204.061962890615	2885.08447265625	2.3454749219508138	8522.154296875	48665.16015625	48698.94921875	34592.0	30378.315625000003	65825.52070312497	11032.517578125	46.483001708984375
sub-018_task-rest_bold	0.0036272666666666664	0.022001696066666666	0	38.215304103444815	1.107154023578595	0.976736515685619	0.408644679353888	87985.9296875	0.30554402486687376	32	10.666666666666666	2.394121111111111	2.28342	2.5885000000000002	2.310443333333333	0.0905961	-0.0029017385095357895	0.012172861024737358	300	80	80	37	4.259711060908072	2.0000016689300537	3.0	3.0	3.0	216.94309282201996	196.53826904296875	1032.5965576171875	186.9311981201172	157889.0	24.514572143554688	4600.950781250002	3382.013916015625	2.3680557899617556	10099.3125	58978.65234375	58153.78515625	39176.0	38602.603515625	82776.8515625	13651.875	28.553993225097656
sub-019_task-rest_bold	0.001956966666666667	0.029501180999999998	0	48.02204520555183	1.1021804807357851	1.0067758531103685	0.39367860565555785	119689.828125	0.4760598404751602	123	41.0	2.3241211111111113	2.22317	2.55881	2.1903833333333336	0.0378942	-0.0020207769703119993	0.010615071281790733	300	80	80	37	4.029754442202759	2.0000016689300537	3.0	3.0	3.0	252.8698073294694	156.74618530273438	841.4639282226562	138.772216796875	160390.0	17.573956871032717	3412.185620117187	3058.671142578125	3.311399267470173	8555.462890625	51849.2890625	50468.921875	37184.0	34901.566015625	74960.20390624998	12523.900390625	26.985088348388672
sub-020_task-rest_bold	0.003497233333333333	0.015549102833333333	0	39.42118564334445	1.201087240200669	0.9721101257190636	0.40373119350296255	159375.40625	0.23969531548332287	6	2.0	2.345326666666667	2.2493133333333333	2.59099	2.195676666666667	0.0583734	-0.011486186645925045	0.013153143227100372	300	80	80	37	4.168425809049976	2.0000016689300537	3.0	3.0	3.0	264.5969501590904	124.97793579101562	768.4246826171875	117.38711547851562	157918.0	9.530676126480103	3330.625170898437	2770.290771484375	3.2221763314491056	8889.408203125	51259.4140625	50680.0546875	38912.0	33505.562109375	71478.72695312489	12157.923828125	39.64686965942383
sub-021_task-rest_bold	0.0033601333333333327	0.008575750733333333	0	28.885694816321088	1.2308308301003343	1.0059745421404678	0.3805273128239712	159916.390625	0.14070958488107596	10	3.3333333333333335	2.335662222222222	2.25663	2.4991866666666667	2.25117	0.0687863	-0.0058892471715807915	0.007250911556184292	300	80	80	37	4.287994798557062	2.0000016689300537	3.0	3.0	3.0	191.99624198917303	143.9148712158203	835.6905517578125	127.4032974243164	163465.0	8.03105335235596	3764.7582031249976	2817.131103515625	2.7250060981690343	9049.90234375	55051.3828125	54408.94921875	34435.0	35194.604296875	76972.75312499997	12688.4853515625	53.737674713134766
sub-022_task-rest_bold	0.0089133	0.014125250233333334	0	18.729437735685625	1.029812492107024	1.0030554885953173	0.41464497419203034	137750.6875	0.09341076165031736	3	1.0	2.4507444444444446	2.2682366666666667	2.7198233333333337	2.3641733333333335	0.00875356	-0.01164920348674059	0.015352423302829266	300	80	80	37	4.041537254670682	2.0000016689300537	3.0	3.0	3.0	132.5659596776651	193.10267639160156	1083.0037841796875	172.24058532714844	155376.0	12.79188084602356	4768.4705810546875	3739.936767578125	2.9887194745692858	13460.013671875	68879.078125	68544.09375	41310.0	42958.1001953125	96502.12343749993	16959.701171875	36.368743896484375
sub-023_task-rest_bold	0.0019557666666666666	0.014686293966666666	0	30.671971037023415	1.1580704318394646	0.942798783344482	0.4254745491786156	103255.53125	0.1681219516830061	8	2.6666666666666665	2.352034444444444	2.22703	2.5839066666666666	2.2451666666666665	0.0410876	-0.006073341239243746	0.01810622029006481	300	80	80	37	3.975864955512297	2.0000016689300537	3.0	3.0	3.0	163.05037585910318	173.84494018554688	974.9019775390625	152.9366912841797	153451.0	11.99284839630127	3966.9927978515625	3349.74462890625	2.6827895849759864	9506.27734375	54076.35546875	52809.0625	43231.0	35401.380859375	78857.32421875	13282.2548828125	41.44908905029297
sub-024_task-rest_bold	0.0015011666666666667	0.01346511933333333	0	35.424523784147155	1.2407748639464882	0.9621061213712379	0.43463002398580186	117942.1328125	0.17739758282573717	5	1.6666666666666667	2.3700422222222226	2.28116	2.54667	2.282296666666667	0.0739198	-0.008548685349524021	0.025969570502638817	300	80	80	37	4.831885009672308	2.0000016689300537	3.0	3.0	3.0	178.46036930905285	187.30584716796875	1192.566650390625	161.83258056640625	152571.0	14.385658740997314	5137.04345703125	4126.37939453125	2.225847849332384	10173.3154296875	58568.1171875	58260.02734375	43881.0	40975.5390625	78276.078125	12057.2744140625	39.27203369140625
sub-025_task-rest_bold	0.0024294666666666667	0.014779697766666669	0	27.380379412207354	1.1069000671906344	0.9722865850501674	0.39028005215160655	116368.125	0.09207995027576082	1	0.3333333333333333	2.3809644444444444	2.3348766666666667	2.5740833333333333	2.2339333333333333	0.0623972	-0.008380825631320477	0.013057941570878029	300	80	80	37	4.403741321635274	2.0000016689300537	3.0	3.0	3.0	143.0063426960199	178.619384765625	1142.041259765625	141.46438598632812	164158.0	9.134983348846436	4410.436474609369	3871.47998046875	3.1678495683356793	8146.2392578125	51135.74609375	50655.28515625	33886.0	33838.0078125	69717.025390625	11502.6142578125	39.864906311035156
sub-026_task-rest_bold	0.0011523333333333333	0.008295185033333333	0	29.127761228528428	1.2561458521070235	0.9391111038461532	0.425992310866822	78215.6484375	0.09404940488356733	0	0.0	2.318338888888889	2.2847666666666666	2.4798233333333335	2.1904266666666667	0.152434	-0.002998745534569025	0.010421570390462875	300	80	80	37	4.663034772368719	2.0000016689300537	3.0	3.0	3.0	220.16820987548672	191.24989318847656	845.81591796875	162.18960571289062	153542.0	9.984081935882568	3467.3361206054683	2837.075439453125	2.3319504067753645	8623.66015625	49229.76171875	48792.4765625	42397.0	33641.352343750004	66021.21718749999	10463.55078125	45.63508605957031
sub-028_task-rest_bold	0.0009580333333333333	0.008462768733333332	0	33.905128479163864	1.2539037694648822	0.9767645496655527	0.4032787449523101	107275.3125	0.14182340559534726	1	0.3333333333333333	2.2776277777777776	2.1848366666666665	2.4849733333333335	2.1630733333333336	0.0747813	-0.012273195199668407	0.018248170614242554	300	80	80	37	4.205389264762803	2.0000016689300537	3.0	3.0	3.0	311.8387076129461	165.53233337402344	830.52978515625	148.34117126464844	158157.0	8.407086944580078	3805.5923339843716	2759.104736328125	2.4062314242152096	9937.48828125	53488.78515625	53129.58984375	38988.0	33982.257226562506	73687.80820312501	12633.529296875	49.148826599121094
sub-029_task-rest_bold	0.0018378666666666666	0.009308792366666667	0	27.083653886889635	1.1958042278260868	0.9634285652842808	0.4051648797123464	126950.71875	0.08627513335388104	1	0.3333333333333333	2.3888522222222224	2.22517	2.64447	2.2969166666666667	0.0260515	-0.012887503951787949	0.02064879611134529	300	80	80	37	3.9883104685012554	2.0000016689300537	3.0	3.0	3.0	159.64553109421053	179.56454467773438	1170.400146484375	158.67742919921875	158813.0	9.58245220184326	5820.54404296875	3781.819580078125	2.775645543184533	11654.4296875	62261.8828125	61267.25390625	38327.0	40383.344921875	88512.86484375	15361.505859375	45.312896728515625
sub-030_task-rest_bold	0.004341833333333333	0.026213962666666663	0	39.2599062073913	1.0399635722742473	0.928961053846154	0.3784559011932823	130485.3828125	0.4349896500275427	60	20.0	2.492034444444444	2.3378033333333335	2.768193333333333	2.3701066666666666	0.049359	-0.011239267885684967	0.015185091644525528	300	80	80	37	4.361097963247838	2.0000016689300537	3.0	3.0	3.0	176.1626891284241	156.74447631835938	1027.744873046875	165.02102661132812	163930.0	23.383888149261477	4316.833203124986	4115.65283203125	2.603240567758869	10857.849609375	63302.00390625	63534.62890625	33643.0	39352.56796875	85960.00859375	14568.27734375	27.63065528869629
sub-031_task-rest_bold	0.0014426000000000003	0.007350838166666667	0	26.3598347793311	1.2213629051505008	0.9777122282608697	0.3960865968442679	124573.875	0.10156018837505384	1	0.3333333333333333	2.3759811111111113	2.3349933333333333	2.5420433333333334	2.250906666666667	0.066156	-0.007313980255275965	0.007724839728325605	300	80	80	37	4.220933369380436	2.0000016689300537	3.0	3.0	3.0	157.21371694325268	157.04124450683594	830.5673828125	155.998779296875	158796.0	14.296758890151978	3138.2491455078125	2995.00732421875	2.3423033799782287	10771.73046875	58864.58984375	59097.0546875	38055.0	35988.79375	80721.85859374996	14000.7607421875	53.45451354980469
sub-032_task-rest_bold	0.0011450333333333333	0.010723896033333333	0	31.345556705986645	1.1566766755518394	0.9662295296989964	0.3955331582094151	115485.7109375	0.10206373387921948	1	0.3333333333333333	2.3316322222222223	2.2133533333333335	2.5674966666666665	2.214046666666667	0.0762026	-0.009959175251424313	0.008940182626247406	300	80	80	37	4.029473916866663	2.0000016689300537	3.0	3.0	3.0	128.54160477017084	158.9373779296875	838.3182983398438	146.54164123535156	160297.0	13.464008522033692	4028.056103515617	2482.8759765625	2.5773253939550793	9469.8466796875	52568.17578125	52250.5625	37278.0	32214.755468749998	74535.349609375	12966.9189453125	41.52485275268555
sub-033_task-rest_bold	0.0038626	0.015205429966666666	0	30.914535809632124	1.1608158660200665	0.9499398632441478	0.39897387537758494	123276.9375	0.15178763089451408	15	5.0	2.4544344444444444	2.3032833333333333	2.6607966666666667	2.399223333333333	0.0659202	-0.01616799272596836	0.022619610652327538	300	80	80	37	4.571742533871365	2.0000016689300537	3.0	3.0	3.0	180.6564151954898	150.47915649414062	999.8306274414062	157.25930786132812	160316.0	15.360869407653809	4097.7369384765625	4126.88037109375	2.57689004190736	10017.21875	58941.00390625	58818.015625	37492.0	38760.1857421875	79521.14453125	12865.3857421875	39.81208419799805
sub-034_task-rest_bold	0.0081035	0.031126497	0	39.45008970060199	0.9699059114046823	0.8767964349832779	0.3713782841923722	153582.15625	0.31278423372517905	38	12.666666666666666	2.4620433333333334	2.3232766666666667	2.726573333333333	2.33628	0.0579909	-0.0120001882314682	0.01141449250280857	300	80	80	37	4.205289533202082	2.0000016689300537	3.0	3.0	3.0	292.86492231312764	154.00491333007812	840.2259521484375	149.45994567871094	164764.0	19.07683687210083	3926.5146728515665	2850.797119140625	2.2703418564790265	11275.775390625	63162.609375	63236.1953125	33188.0	39201.865039062504	87608.24843749998	15037.072265625	23.470714569091797
sub-036_task-rest_bold	0.0013106333333333332	0.013422414966666667	0	22.16494261070233	1.0324949647491635	0.9440421630100336	0.4001326058458823	145811.640625	0.0896629973618222	0	0.0	2.319096666666667	2.21734	2.4833166666666666	2.2566333333333333	0.0289145	-0.011182991787791252	0.016179073601961136	300	80	80	37	4.2622155349338335	2.0000016689300537	3.0	3.0	3.0	258.5309569465297	135.27513122558594	844.5973510742188	125.3365707397461	159416.0	10.61124324798584	3468.1813354492188	3427.393798828125	1.9196316926990002	9789.1884765625	52676.08984375	51880.48828125	37911.0	34150.7578125	73394.32421875	12172.02734375	44.57307434082031
sub-037_task-rest_bold	0.0008713666666666666	0.011236097300000001	0	29.10680693688963	1.1169443689632113	0.9317897634448172	0.39757850134386113	118401.1796875	0.12540009308764757	0	0.0	2.461532222222222	2.3394366666666664	2.67147	2.37369	0.0601357	-0.009737706743180752	0.018407808616757393	300	80	80	37	4.33090340096037	2.0000016689300537	3.0	3.0	3.0	231.03944368545905	156.03689575195312	923.8460083007812	150.13247680664062	159408.0	12.924619913101196	3759.142895507811	3629.60107421875	2.807154647732112	9914.181640625	55093.32421875	55219.9921875	37464.0	34753.159765625	74570.444921875	12750.0546875	41.080291748046875
sub-038_task-rest_bold	0.0015456	0.008759444666666666	0	18.504514100702334	1.0523859683612042	0.9680292035785952	0.399315603767679	120922.328125	0.06908317972254059	0	0.0	2.3441144444444446	2.21184	2.51768	2.3028233333333334	0.0812786	-0.004241516347974539	0.011657637543976307	300	80	80	37	4.927239567166272	2.0000016689300537	3.0	3.0	3.0	225.69952499856146	146.67018127441406	833.9341430664062	144.346923828125	159544.0	13.20847659111023	3518.492199707032	3014.4326171875	2.595265345527907	8474.2763671875	53349.4921875	53358.8671875	37722.0	36237.74511718751	70306.10781249999	10829.2197265625	57.7020378112793
sub-039_task-rest_bold	0.0013733333333333334	0.009550291833333334	0	32.101498115986644	1.270159222675586	0.9488047855518393	0.40354461928879565	123017.1640625	0.11286112017914658	0	0.0	2.3525844444444446	2.19793	2.661556666666667	2.1982666666666666	0.0991127	-0.011945069767534733	0.014091127552092075	300	80	80	37	3.996275761438016	2.0000016689300537	3.0	3.0	3.0	149.29889198454296	165.72695922851562	948.58642578125	143.7003936767578	158792.0	10.965455102920533	4039.1656005859295	3134.445556640625	2.804996750236035	9825.4248046875	54262.8984375	53953.734375	38419.0	32820.215234375	76621.44218749998	13500.828125	42.11550521850586
sub-040_task-rest_bold	0.0018350999999999999	0.0076646761	0	17.13911926943144	1.0164599851505016	0.9428629032441461	0.41304514692883165	109873.5625	0.06917811767206106	0	0.0	2.4861766666666667	2.3373933333333334	2.7466733333333333	2.3744633333333334	0.140327	-0.00839549582451582	0.019272133708000183	300	80	80	37	4.587092648877954	2.0000016689300537	3.0	3.0	3.0	225.2102123214555	190.414306640625	1090.0101318359375	167.8899383544922	156817.0	12.56143398284912	4690.0291015625	4031.864990234375	4.290627502096258	9586.001953125	59501.11328125	60076.046875	39866.0	38044.8037109375	77820.791015625	13096.5947265625	50.32368087768555
sub-042_task-rest_bold	0.001983366666666667	0.011494772833333331	0	32.865769083444846	1.2909481797658864	0.9770808955183943	0.43210470429300685	97510.1875	0.1569892173354836	5	1.6666666666666667	2.463121111111111	2.3789466666666668	2.6393933333333335	2.371023333333333	0.0638729	-0.013828891329467297	0.02339794486761093	300	80	80	37	4.59559822564108	2.0000016689300537	3.0	3.0	3.0	126.96139530314602	191.23422241210938	1276.2664794921875	169.66671752929688	154242.0	15.82422456741333	6248.040502929676	3988.558837890625	2.404508271342081	9889.294921875	56532.39453125	56263.6328125	42228.0	37915.689648437496	76307.96796875	12242.794921875	44.75000762939453
sub-043_task-rest_bold	0.001573433333333333	0.012750250333333334	0	25.43671024297659	1.121795510000001	0.9536267010367896	0.39249137417192814	94977.125	0.1334338214043174	6	2.0	2.458216666666667	2.3401366666666665	2.6913433333333336	2.34317	0.113562	-0.013408481143414974	0.016652969643473625	300	80	80	37	5.248070495030311	2.0000016689300537	3.0	3.0	3.0	139.59801339539746	166.10165405273438	1004.9270629882812	152.89263916015625	163612.0	15.032423973083496	3937.197839355465	3580.8798828125	2.3804533139860604	7709.93701171875	49259.91796875	49442.66796875	34391.0	33906.580078125	63509.626953125	9420.9765625	41.30088424682617
sub-044_task-rest_bold	0.0012047666666666667	0.010698202266666668	0	25.20746745859533	1.0877692056187296	0.9342272451505013	0.4006701925646683	118772.34375	0.10992648229210455	5	1.6666666666666667	2.350301111111111	2.2206066666666664	2.5694500000000002	2.2608466666666667	0.130976	-0.0020525683648884296	0.008996282704174519	300	80	80	37	4.418086422206071	2.0000016689300537	3.0	3.0	3.0	204.93491784832418	141.98809814453125	817.7942504882812	135.917236328125	159097.0	11.451181411743166	3284.9702148437277	3134.340087890625	2.441509300870708	8737.537109375	50801.2421875	50796.81640625	37893.0	32362.903515625003	69016.3390625	11497.318359375	39.36552047729492
sub-045_task-rest_bold	0.0025953666666666667	0.010730256233333334	0	26.813158290568573	1.1998994763210706	0.9973918377926421	0.41476611364268895	115401.40625	0.11360182495414943	2	0.6666666666666666	2.41405	2.3594566666666665	2.589586666666667	2.2931066666666666	0.0705855	-0.002021708060055971	0.007966341450810432	300	80	80	37	4.112268842379674	2.0000016689300537	3.0	3.0	3.0	229.09936746026392	175.50506591796875	867.5968017578125	149.26974487304688	155290.0	9.544155502319336	3622.2268676757785	3024.2509765625	2.4370530185846118	9680.126953125	55524.78515625	55311.49609375	41342.0	34413.068359375	78599.93242187498	13450.197265625	43.67482376098633
sub-046_task-rest_bold	0.005167733333333334	0.014071902099999999	0	37.59936088357857	1.2054956231438132	1.015187636020067	0.40753913996968166	137100.859375	0.28396238430687	37	12.333333333333334	2.422375555555556	2.3516166666666667	2.69307	2.22244	0.0652089	-0.012617314234375954	0.016171902418136597	300	80	80	37	4.458658655198323	2.0000016689300537	3.0	3.0	3.0	214.02796061622158	129.38800048828125	857.2181396484375	130.8022918701172	157883.0	14.286185455322265	3993.7047607421796	3018.171875	2.529775660892235	9238.470703125	51687.0078125	51934.4609375	38946.0	32561.431640625	69344.109375	11647.8515625	38.139564514160156
sub-047_task-rest_bold	0.0017396333333333331	0.013627014599999999	0	26.65345480923075	1.1146060197324408	0.9265923102675584	0.39229831324018916	113643.71875	0.0987223385839358	5	1.6666666666666667	2.5433566666666665	2.3802766666666666	2.8399199999999998	2.409873333333333	0.0429976	-0.014422292821109295	0.014309137128293514	300	80	80	37	4.912738520723539	2.0000016689300537	3.0	3.0	3.0	161.24305556901115	173.3785400390625	878.9047241210938	162.98080444335938	161321.0	14.833157539367676	3952.968017578125	2870.4130859375	1.786977726246846	10074.578125	58245.06640625	58655.140625	36047.0	38251.892968750006	76545.8234375	11939.232421875	38.428245544433594
sub-048_task-rest_bold	0.0013933666666666666	0.015713671233333334	0	32.31101978264215	1.2270413359866221	0.9255604938461538	0.3958846572178521	151981.484375	0.12789093736215482	0	0.0	2.4159399999999995	2.3493666666666666	2.6235500000000003	2.274903333333333	0.0988745	-0.008120499551296234	0.007197873666882515	300	80	80	37	4.878715587543734	2.0000016689300537	3.0	3.0	3.0	153.60021358224358	140.01382446289062	988.3970336914062	122.5562973022461	162084.0	10.978986167907715	4306.192675781251	3390.36083984375	2.503170315900859	8251.50390625	51760.99609375	51967.76953125	35608.0	34420.309375	68115.224609375	10651.787109375	38.370880126953125
sub-049_task-rest_bold	0.0035552333333333332	0.013886681466666667	0	35.449641211571894	1.205522826989967	1.0418546185618724	0.40013974123521157	97287.8671875	0.16825457677527716	10	3.3333333333333335	2.2732822222222224	2.22866	2.485473333333333	2.1057133333333335	0.0343141	-0.006246884353458881	0.011034170165657997	300	80	80	37	4.2369311266749685	2.0000016689300537	3.0	3.0	3.0	143.2297394515213	174.81576538085938	1022.9546508789062	161.02511596679688	160318.0	15.173726463317871	4320.061401367184	3346.0927734375	2.5999614612240336	9390.447265625	53726.40625	52896.2265625	36988.0	35678.469140625	75308.6296875	12484.392578125	40.15276336669922
sub-050_task-rest_bold	0.0012653666666666667	0.006911953266666666	0	23.168813526923064	1.2123751427424745	0.985231665919732	0.3966412111966806	142492.140625	0.09258489496407708	0	0.0	2.406658888888889	2.353736666666667	2.5762466666666666	2.2899933333333333	0.0636218	-0.0035722425673156977	0.0065156533382833	300	80	80	37	4.3703226456487405	2.0000016689300537	3.0	3.0	3.0	189.40167498716352	155.71926879882812	1012.7606811523438	145.82118225097656	160195.0	13.202669429779055	4994.377441406239	3259.692138671875	2.777544678632627	9505.994140625	58813.24609375	58829.390625	36880.0	37083.136328124994	80556.29140624999	13460.9267578125	58.829219818115234
sub-052_task-rest_bold	0.0025282	0.009566321566666668	0	29.674734721571916	1.1926666376923079	0.962764392307692	0.3923339091028659	129821.8828125	0.1472764024876325	13	4.333333333333333	2.4145622222222225	2.30683	2.5860233333333333	2.3508333333333336	0.0406214	-0.007520387880504131	0.011324825696647167	300	80	80	37	4.1743072429819605	2.0000016689300537	3.0	3.0	3.0	305.8560207619907	176.03195190429688	813.1126708984375	164.87518310546875	159950.0	13.587296056747437	3667.6325073242188	2828.707763671875	2.4990813071487175	11915.81640625	64954.375	64683.6015625	37602.0	41052.1078125	90001.32929687497	15495.443359375	46.531715393066406
sub-053_task-rest_bold	0.0010056333333333333	0.009266813433333333	0	24.763748022742465	1.114582898093646	0.9398698692642142	0.3855593028965415	170909.140625	0.10827486843864025	0	0.0	2.389868888888889	2.28981	2.6456833333333334	2.2341133333333336	0.106945	-0.013091258704662323	0.016496894881129265	300	80	80	37	4.285185351267551	2.0000016689300537	3.0	3.0	3.0	255.4082159120917	131.15802001953125	880.9293823242188	120.59175872802734	162089.0	9.269792556762695	3862.530712890626	3596.724853515625	2.3271091757638267	9633.92578125	53316.91796875	53593.24609375	35083.0	33096.394140625	72694.32187500001	12506.4560546875	44.31671905517578
sub-054_task-rest_bold	0.001439866666666667	0.010077757833333333	0	32.92332794050167	1.2709102309364553	1.0190457929431431	0.4098559116925344	130474.4296875	0.1127172502829555	3	1.0	2.362658888888889	2.32579	2.570603333333333	2.1915833333333334	0.0394784	-0.0052824243903160095	0.012072143144905567	300	80	80	37	4.050337745942738	2.0000016689300537	3.0	3.0	3.0	203.09331715430457	172.6099853515625	996.642333984375	149.8193359375	157059.0	10.571256160736086	5035.245312500003	3121.568603515625	3.40727947461255	9440.1337890625	58455.6015625	57958.328125	40015.0	37157.312109375	83821.30390624994	14309.326171875	50.391014099121094
sub-055_task-rest_bold	0.002533933333333333	0.014489407699999998	0	30.503764940300996	1.2160368044816061	1.0096763653511707	0.39274885631755485	149740.734375	0.15878501262869205	1	0.3333333333333333	2.2745466666666667	2.23595	2.47796	2.10973	0.0462983	-0.01016826182603836	0.014274613931775093	300	80	80	37	4.584855521659674	2.0000016689300537	3.0	3.0	3.0	196.1250867673659	136.44126892089844	877.3466796875	118.27031707763672	161851.0	8.511040687561035	3974.2047119140625	3070.271240234375	3.1560940275558353	7942.77490234375	49201.734375	49151.51953125	35809.0	32466.471484375	65679.7734375	10720.2578125	44.56268310546875
sub-056_task-rest_bold	0.002184966666666667	0.01608834656666667	0	24.721271801505008	1.0896899224414702	0.9361066261538461	0.3966006692118551	143831.984375	0.12388711651770867	1	0.3333333333333333	2.4804166666666667	2.4100699999999997	2.6779733333333335	2.3532066666666664	0.126704	-0.007808150257915258	0.0077906157821416855	300	80	80	37	4.969262896561489	2.0000016689300537	3.0	3.0	3.0	238.63371891691398	151.51773071289062	849.797119140625	143.60487365722656	160230.0	14.587216997146609	3827.0377441406217	3035.899169921875	2.6947912225658754	9215.90234375	58190.18359375	58749.88671875	36925.0	38849.8453125	75676.26249999998	11822.49609375	36.481239318847656
sub-058_task-rest_bold	0.003155233333333334	0.009113090333333332	0	24.91558898501671	1.1125277971237453	0.9376286875250829	0.42526819047585385	103657.7890625	0.10860932985748088	1	0.3333333333333333	2.4729722222222223	2.4168133333333333	2.63898	2.3631233333333332	0.0648522	-0.002871736651286483	0.016698196530342102	300	80	80	37	4.070075767554651	2.0000016689300537	3.0	3.0	3.0	181.26107904626085	202.5501708984375	1139.0787353515625	177.75550842285156	153623.0	11.730763339996338	5903.474218749997	3690.228759765625	2.8954558267604744	11602.3095703125	62090.1796875	61301.9296875	42926.0	40582.9755859375	88089.05859375	15061.443359375	44.83795928955078
sub-059_task-rest_bold	0.0054426000000000006	0.023682801766666668	0	41.79916015050168	1.2065973619397985	0.9971485546822739	0.3850786776664353	134526.953125	0.3824071787449632	49	16.333333333333332	2.5211022222222224	2.3932766666666665	2.7764699999999998	2.39356	0.0568774	-0.004847188014537096	0.00680573983117938	300	80	80	37	4.0153639074857	2.0000016689300537	3.0	3.0	3.0	204.23972029610127	142.935791015625	794.8772583007812	129.71438598632812	162776.0	14.817894697189331	3489.7893676757812	2554.7421875	2.9599952307655917	8178.64208984375	51735.40234375	50442.2109375	35060.0	34656.856640625	77223.48632812499	12562.1220703125	30.8837890625
sub-060_task-rest_bold	0.0022563666666666673	0.011428739266666668	0	28.59255084535119	1.2489067462876242	0.9904412679933109	0.4043472695043707	92739.6875	0.0861465699294911	0	0.0	2.42323	2.3139833333333333	2.674416666666667	2.28129	0.0383077	-0.005836285650730133	0.013055487535893917	300	80	80	37	4.017969679624304	2.0000016689300537	3.0	3.0	3.0	418.6280710799628	175.87457275390625	770.0140380859375	168.0946044921875	156335.0	12.452428340911867	3233.9589843749945	3041.34912109375	3.4625624154978656	9756.328125	55688.02734375	54758.6328125	40111.0	36553.52734375	79234.33203125	13628.263671875	45.40546417236328
sub-061_task-rest_bold	0.0013615666666666666	0.010576969299999999	0	27.008324256254188	1.141310058896321	0.9770197611371236	0.39070355372509363	96420.2265625	0.1286721970925372	5	1.6666666666666667	2.3728577777777775	2.2655066666666666	2.6039499999999998	2.2491166666666667	0.0711313	-0.009463627822697163	0.015026949346065521	300	80	80	37	4.4591986036640625	2.0000016689300537	3.0	3.0	3.0	178.26525752166032	159.47476196289062	832.7608032226562	156.06256103515625	161646.0	17.841248035430908	3252.9328002929688	3055.441650390625	3.303998230977995	8321.255859375	51688.28515625	51449.95703125	36128.0	34321.0318359375	69921.876171875	11537.7783203125	46.74523162841797
sub-062_task-rest_bold	0.0010777	0.009875176133333333	0	20.99331450682275	1.0616305535785948	1.0101847491973244	0.39829321599434975	123311.5703125	0.11222286597068752	0	0.0	2.328402222222222	2.25378	2.5266366666666666	2.20479	0.13007	-0.004745254293084145	0.01166365947574377	300	80	80	37	4.309455500154261	2.0000016689300537	3.0	3.0	3.0	354.64821763563896	162.85794067382812	776.621337890625	141.87940979003906	158921.0	11.314778327941895	3043.67431640625	2832.11279296875	3.0494211458703706	8122.53515625	54883.515625	53623.984375	38684.0	38099.7958984375	78991.278125	12443.1708984375	48.283355712890625
sub-063_task-rest_bold	0.0011153000000000003	0.015046957033333334	0	28.820499854013374	1.1897419111371241	0.9324620493645486	0.39169950812431664	135802.703125	0.08241123457348119	2	0.6666666666666666	2.4698844444444443	2.33325	2.701363333333333	2.37504	0.0585383	-0.008855697698891163	0.007912550121545792	300	80	80	37	4.8123048483851765	2.0000016689300537	3.0	3.0	3.0	133.91002470503443	153.0304718017578	758.6962280273438	138.62510681152344	160971.0	13.189868450164795	3330.0643310546875	2229.623046875	2.943746164897995	9017.34375	54439.2578125	54686.7421875	36304.0	35872.2533203125	71334.12812499999	11363.783203125	42.39384460449219
sub-064_task-rest_bold	0.0012532666666666666	0.0107481594	0	30.830676216120384	1.3965098803010025	0.937471528561873	0.39993626101337243	122995.4765625	0.12312370631729101	0	0.0	2.4165255555555554	2.28269	2.6501566666666667	2.31673	0.0537014	-0.00933224055916071	0.013248991221189499	300	80	80	37	4.536891115044838	2.0000016689300537	3.0	3.0	3.0	199.0048453278231	173.2469482421875	1027.7359619140625	162.95562744140625	159962.0	14.543799352645875	4641.955078125	3689.41162109375	3.363128094044389	9362.361328125	59982.34375	59646.0	37509.0	40775.9421875	81542.74999999997	13146.712890625	49.62286376953125
sub-066_task-rest_bold	0.0012771999999999998	0.0182313715	0	30.86975971608694	1.1086411057190637	0.910157434949833	0.40683675008258	109839.2890625	0.13452341112589367	5	1.6666666666666667	2.3080466666666664	2.236693333333333	2.5089366666666666	2.1785099999999997	0.101144	-0.01364605501294136	0.018912548199295998	300	80	80	37	4.050974514138866	2.0000016689300537	3.0	3.0	3.0	256.57831692143725	168.125	874.3619384765625	143.9749755859375	157904.0	12.127998304367065	3545.613391113283	3213.64208984375	3.2408740851432647	8384.611328125	51595.54296875	50375.1484375	39388.0	34632.0259765625	75096.97421875001	12435.158203125	33.745574951171875
sub-068_task-rest_bold	0.0018501333333333328	0.012863043700000002	0	21.760599429832784	1.0476211063210712	0.918621143712374	0.38225338782791646	186413.359375	0.10016238496435831	3	1.0	2.4224955555555554	2.2298466666666665	2.726226666666667	2.3114133333333333	0.0916134	-0.0168504249304533	0.011670405976474285	300	80	80	37	4.28748646890676	2.0000016689300537	3.0	3.0	3.0	120.32818335215909	147.2960968017578	1064.470458984375	123.85137939453125	164638.0	7.98996217250824	4602.505151367187	3485.05517578125	2.815720661083086	9829.8671875	57526.74609375	57835.46484375	33438.0	35090.195703125	77649.737890625	13489.162109375	38.530845642089844
sub-069_task-rest_bold	0.006387833333333333	0.018604360733333335	0	27.7428400811371	1.2545766642809364	1.0096008112374584	0.391882028140001	147205.0625	0.09841807200566578	0	0.0	2.340733333333333	2.2438733333333336	2.5545266666666664	2.2238	0.114925	-0.008989044465124607	0.010804432444274426	300	80	80	37	4.659825450892853	2.0000016689300537	3.0	3.0	3.0	232.72606519162332	149.64544677734375	896.0492553710938	127.673095703125	161842.0	9.714165830612181	3972.3597290038824	2890.90869140625	3.596319484232172	8043.7109375	52463.39453125	51681.2734375	35698.0	36943.0595703125	71206.73867187502	11090.662109375	34.53779602050781
sub-070_task-rest_bold	0.0028646333333333333	0.020623848666666666	0	31.713962395618733	1.0975859115719067	0.9352118612374583	0.40879415765193955	131369.34375	0.23878324383209615	25	8.333333333333334	2.4769977777777776	2.4052366666666667	2.6695266666666666	2.35623	0.0850579	-0.0050811185501515865	0.015391339547932148	300	80	80	37	4.714427318037239	2.0000016689300537	3.0	3.0	3.0	168.59949612368567	171.79025268554688	1060.870361328125	156.01779174804688	157884.0	18.013442993164062	4439.548876953126	4005.359375	2.6652313268542587	10290.759765625	60123.68359375	60281.37890625	38994.0	40249.3642578125	79641.884375	12786.4111328125	33.951744079589844
sub-072_task-rest_bold	0.0014893333333333332	0.014625280033333332	0	24.22019455170568	0.9512089069230775	0.9017928568227424	0.39459282741337265	72219.4140625	0.19089386440793152	3	1.0	2.3730566086159857	2.2862066666666667	2.6416233333333334	2.1913398258479573	0.0709648	-0.001980639062821865	0.0026191528886556625	300	80	80	37	4.124107217995525	2.0000016689300537	3.0	3.0	3.000000238418579	94.26288587379656	191.47222900390625	930.1534423828125	189.25009155273438	160733.0	25.568544769287115	4071.7615722656187	2844.721923828125	4.014467290185982	8960.32421875	53998.46484375	53582.3046875	36614.0	34894.6328125	75141.91640624998	12992.2841796875	38.16844940185547
sub-073_task-rest_bold	0.0017426333333333333	0.013645046833333332	0	23.048615401404682	1.1404781003344493	0.9457726750836117	0.3966275080058096	164666.875	0.12731913739361825	2	0.6666666666666666	2.4966233967925047	2.3829	2.7114666666666665	2.3955035237108486	0.0558253	-0.0031387610360980034	0.006899562198668718	300	80	80	37	4.9148918955893555	2.0000016689300537	3.0	3.0	2.999999761581421	177.58236412282523	147.64126586914062	856.5123291015625	142.4620361328125	160028.0	10.84576873779297	3953.2517211914005	2885.55322265625	2.8245958551994486	9621.353515625	61351.19921875	61902.1953125	37682.0	40471.0904296875	79993.91445312499	12594.65625	44.98200988769531
sub-074_task-rest_bold	0.0015367	0.018199014966666666	0	36.18067578749163	1.1316503371906357	0.9989948084280935	0.3975008229009355	173204.421875	0.14471377273011793	1	0.3333333333333333	2.4022133950623807	2.3306066666666667	2.54584	2.330193518520476	0.0290358	-0.0075885639525949955	0.015665797516703606	300	80	80	37	4.223011496614111	2.0000016689300537	3.0	3.0	2.999999761581421	212.4799664907266	137.94570922851562	947.6185302734375	128.99395751953125	159575.0	15.20017671585083	4501.823730468745	3342.301025390625	3.041163438031383	9702.8701171875	57556.56640625	56821.7890625	37946.0	38589.201171875	80878.474609375	13455.099609375	37.35520935058594
sub-075_task-rest_bold	0.004168366666666666	0.011476349066666669	0	22.730639476588635	1.1232806873913042	0.9607324556187291	0.3848477505208693	143600.15625	0.09510275969199095	7	2.3333333333333335	2.429414444444444	2.2362699999999998	2.7005	2.3514733333333333	0.139564	-0.011575986631214619	0.010992457158863544	300	80	80	37	4.635812348998906	2.0000016689300537	3.0	3.0	3.0	180.17526618059185	163.54681396484375	838.5507202148438	145.30148315429688	162784.0	11.73296012878418	3527.57829589844	2875.8583984375	3.2709414515505397	9597.1015625	58818.8671875	58937.609375	35342.0	38535.1666015625	78100.68007812498	12713.365234375	38.11943817138672
sub-076_task-rest_bold	0.0011365333333333333	0.008178157100000001	0	38.22766168137129	1.4843796108361211	0.9609036949832785	0.40159702287976384	93772.4921875	0.05692075785806459	0	0.0	2.335867717270414	2.27059	2.4529366666666665	2.2840764851445763	0.0787475	-0.006086552515625954	0.010752901434898376	300	80	80	37	4.3257244740731275	2.0000016689300537	3.0	3.0	3.000000238418579	210.3251150790178	187.61212158203125	896.6881103515625	166.87843322753906	159323.0	11.30768632888794	3826.261962890621	2988.893310546875	2.820869817297379	9761.8818359375	55796.84375	54818.375	38052.0	37908.4455078125	77466.09101562499	12672.4794921875	51.41289138793945
sub-077_task-rest_bold	0.0034360333333333334	0.018899674866666664	0	29.971999414113704	1.0992921837458194	0.931414595919733	0.38781923475666885	111098.171875	0.1527727340577654	8	2.6666666666666665	2.37316	2.2526066666666664	2.6597233333333334	2.20715	0.0556768	-0.010052558034658432	0.01682400144636631	300	80	80	37	4.190022050219775	2.0000016689300537	3.0	3.0	3.0	140.12401854293176	177.37420654296875	1031.0006103515625	162.78854370117188	162385.0	17.227862930297853	4357.8661132812485	3575.194091796875	2.92251858278511	10402.9970703125	58344.5546875	57140.953125	35353.0	39027.50703125	82515.59375	13637.1943359375	34.558536529541016
